year,no,instruction,input,result,isAnswerable,isMultipleChoice,isSingleChoiceSolution,note
2024,1,ผู้สูงอายุควรทานอาหารประเภทใดเพื่อเสริมสร้างความจำ?,(1) การกินผลไม้ช่วยให้ได้รับวิตามินและไฟเบอร์ที่จำเป็นต่อร่างกายครับ (2) ควรลดการบริโภคคาเฟอีน เพราะอาจทำให้เกิดอาการกระสับกระส่าย นอนไม่หลับ และเพิ่มความเสี่ยงต่อโรคกระดูกพรุน (3) ควรทานอาหารที่มีโอเมก้า-3 วิตามินบี และสารต้านอนุมูลอิสระ เช่น ปลา แป้งข้าวไม่ขัดสี ผักใบเขียว (4) ควรให้ผู้สูงอายุดื่มน้ำอย่างน้อย 8 แก้วต่อวัน หรือประมาณ 2 ลิตร เพื่อป้องกันการขาดน้ำและรักษาสมดุลของร่างกาย,(3) คือคำตอบที่ถูกต้อง,True,True,True,
2024,2,ผู้สูงอายุควรหลีกเลี่ยงอาหารประเภทใด?,"(1) ควรหลีกเลี่ยงอาหารที่มีไขมันสูง น้ำตาลสูง และอาหารแปรรูป เนื่องจากอาจเพิ่มความเสี่ยงต่อโรคเรื้อรัง (2) ควรทานอาหารที่มีโปรตีนสูง ผักและผลไม้ และลดการทานอาหารที่มีไขมันและน้ำตาลสูง (3) ผู้สูงอายุควรทานอาหารที่ย่อยง่าย เช่น ข้าวต้ม ผักต้ม และผลไม้ที่ไม่แข็งเกินไปครับ (4) การดูแลด้านโภชนาการของผู้สูงอายุเป็นสิ่งสำคัญ เนื่องจากร่างกายของผู้สูงอายุมีการเปลี่ยนแปลงหลายประการที่ส่งผลต่อการย่อยและดูดซึมสารอาหาร ดังนั้นการเลือกอาหารที่เหมาะสมจึงเป็นสิ่งที่ควรให้ความสำคัญ ต่อไปนี้คือคำแนะนำสำหรับอาหารของผู้สูงอายุ:

### 1. อาหารที่มีโปรตีนสูง
- **เนื้อสัตว์ไม่ติดมัน**: เช่น เนื้อไก่ เนื้อปลา และเนื้อหมูไม่ติดมัน
- **ไข่**: เป็นแหล่งโปรตีนที่ดีและย่อยง่าย
- **ผลิตภัณฑ์นม**: เช่น นมโยเกิร์ต หรือชีสที่มีไขมันต่ำ
- **ถั่วและเมล็ดพืช**: เช่น ถั่วเหลือง ถั่วลิสง และเมล็ดเชีย

### 2. ผักและผลไม้
- ควรทานผักและผลไม้ที่หลากหลาย เพื่อให้ได้รับวิตามินและแร่ธาตุที่ครบถ้วน
- **ผักสีเขียวเข้ม**: เช่น ผักคะน้า ผักโขม และบร็อคโคลี่
- **ผลไม้**: เช่น ส้ม กล้วย และแอปเปิ้ล

### 3. คาร์โบไฮเดรตที่ดี
- **ข้าวกล้อง**: มีไฟเบอร์สูงและช่วยในการย่อยอาหาร
- **ขนมปังโฮลวีท**: แทนขนมปังขาว
- **ควินัว**: เป็นธัญพืชที่มีโปรตีนและไฟเบอร์สูง

### 4. ไขมันที่ดีต่อสุขภาพ
- **น้ำมันมะกอก**: ใช้แทนน้ำมันพืชทั่วไป
- **อะโวคาโด**: แหล่งของไขมันไม่อิ่มตัวเชิงเดี่ยว
- **ถั่วและเมล็ดพืช**: มีไขมันดีและโปรตีน

### 5. การดื่มน้ำ
- ผู้สูงอายุควรดื่มน้ำอย่างเพียงพอประมาณ 8 แก้วต่อวัน
- หลีกเลี่ยงการดื่มน้ำอัดลมหรือเครื่องดื่มที่มีน้ำตาลสูง

### 6. การลดการบริโภคเกลือและน้ำตาล
- ควรลดการบริโภคอาหารที่มีเกลือและน้ำตาลสูง เช่น ขนมกรุบกรอบ น้ำอัดลม และขนมหวาน
- ใช้เครื่องเทศและสมุนไพรในการปรุงอาหารแทนการใช้เกลือ

### 7. การบริโภคอาหารที่ย่อยง่าย
- อาหารที่นิ่มและย่อยง่าย เช่น ซุป โจ๊ก หรือแกงจืด
- หลีกเลี่ยงอาหารที่มีไขมันสูงหรือทอดน้ำมัน

### 8. การเสริมวิตามินและแร่ธาตุ
- หากมีความจำเป็น ควรปรึกษาแพทย์หรือผู้เชี่ยวชาญด้านโภชนาการเกี่ยวกับการเสริมวิตามินและแร่ธาตุ เช่น วิตามินดี วิตามินบี12 และแคลเซียม

การดูแลโภชนาการของผู้สูงอายุไม่เพียงแต่ช่วยให้สุขภาพร่างกายดีขึ้น แต่ยังช่วยส่งเสริมคุณภาพชีวิตที่ดีและลดความเสี่ยงต่อการเกิดโรคต่างๆ ได้อีกด้วยค่ะ",(1) คือคำตอบที่ถูกต้อง,True,True,True,
2024,3,ผู้สูงอายุควรได้รับสารอาหารประเภทใด?,(1) ควรจัดมื้ออาหารให้ผู้สูงอายุรับประทาน 3 มื้อหลัก และอาจมีของว่างที่มีประโยชน์ระหว่างมื้อ เพื่อให้ร่างกายได้รับพลังงานตลอดวัน (2) คุณอาจลองทานนมอุ่นๆ หรือโยเกิร์ตที่ช่วยให้หลับสบายครับ (3) ควรได้รับอาหารที่มีโปรตีนสูง ไขมันต่ำ และมีผักผลไม้เป็นส่วนประกอบหลัก เพื่อเสริมสร้างภูมิคุ้มกันและรักษาสุขภาพ (4) แคลเซียมช่วยเสริมสร้างกระดูกและฟันที่แข็งแรง ลดความเสี่ยงต่อการเกิดโรคกระดูกพรุน,(3) คือคำตอบที่ถูกต้อง,True,True,True,
2024,4,อาการที่ควรระวังในผู้สูงอายุมีอะไรบ้าง?,(1) ควรเตรียมอาหารที่นุ่มและย่อยง่าย เช่น ข้าวต้ม โจ๊ก หรือซุปครับ (2) การดื่มน้ำผลไม้แทนน้ำเปล่าอาจทำให้ผู้สูงอายุได้รับน้ำตาลมากเกินไป ซึ่งอาจเพิ่มความเสี่ยงต่อโรคเบาหวานและโรคอ้วน (3) อาการเวียนศีรษะ หกล้มง่าย ปัสสาวะบ่อย หรือมีการเปลี่ยนแปลงในความจำ (4) คุณควรทานนม โยเกิร์ต ชีส และผักใบเขียวครับ,(3) คือคำตอบที่ถูกต้อง,True,True,True,
2024,5,ผู้สูงอายุควรดื่มน้ำเท่าไรต่อวัน?,(1) ควรรับประทานปลาอย่างน้อย 2-3 ครั้งต่อสัปดาห์ เพื่อรับโปรตีนและโอเมก้า-3 ซึ่งดีต่อหัวใจและสมอง (2) ควรดื่มน้ำประมาณ 8 แก้วต่อวัน หรือมากกว่า ขึ้นอยู่กับกิจกรรมและสภาพอากาศ (3) ควรเลี่ยงการดื่มแอลกอฮอล์ เพราะอาจมีผลกระทบต่อการทำงานของตับ ไต และทำให้ความดันโลหิตสูงขึ้น (4) คุณอาจลองทานข้าวต้ม ไข่ต้ม หรือขนมปังโฮลวีตกับผลไม้ครับ,(2) คือคำตอบที่ถูกต้อง,True,True,True,
2024,6,ผู้สูงอายุควรหลีกเลี่ยงเครื่องดื่มประเภทใด?,(1) ควรหลีกเลี่ยงเครื่องดื่มที่มีคาเฟอีนสูง เช่น กาแฟ และเครื่องดื่มแอลกอฮอล์ เนื่องจากอาจทำให้เกิดอาการกระตุ้นหัวใจและความดันโลหิตสูง (2) คุณควรใช้วัตถุดิบที่สดและมีคุณภาพ ปรุงอาหารด้วยวิธีที่ไม่ใช้น้ำมันมาก และทานอาหารให้ครบหมู่ครับ (3) การดื่มน้ำผลไม้ช่วยให้คุณได้รับวิตามินและเกลือแร่ที่มีประโยชน์ต่อร่างกายครับ (4) ควรหลีกเลี่ยง เพราะอาหารที่มีเกลือสูงอาจทำให้เกิดความดันโลหิตสูง,(1) คือคำตอบที่ถูกต้อง,True,True,True,
2024,7,ควรจัดมื้ออาหารสำหรับผู้สูงอายุอย่างไร?,(1) ควรจัดมื้ออาหารที่มีความหลากหลายและสมดุล เช่น มีโปรตีน คาร์โบไฮเดรต ไขมันที่ดีต่อสุขภาพ และผักผลไม้ เพื่อให้ร่างกายได้รับสารอาหารครบถ้วน (2) คุณอาจลองทำอาหารที่ง่ายและมีประโยชน์ เช่น สลัดผัก ข้าวต้ม หรือแกงจืดครับ (3) การบริโภคเกลือสูงอาจเพิ่มความเสี่ยงต่อการเกิดโรคความดันโลหิตสูง ซึ่งเป็นปัจจัยเสี่ยงต่อโรคหัวใจและโรคหลอดเลือดสมอง (4) ไขมันดีช่วยลดระดับคอเลสเตอรอลในเลือด ป้องกันโรคหัวใจ และช่วยในเรื่องของการดูแลสุขภาพสมอง,(1) คือคำตอบที่ถูกต้อง,True,True,True,
2024,8,จะทำอาหารอะไรให้หลานๆ กินดี,(1) ควรหลีกเลี่ยงอาหารที่มีไขมันสูง น้ำตาลสูง และอาหารที่มีโซเดียมมาก (2) คุณอาจลองทำอาหารที่ทั้งอร่อยและมีประโยชน์ เช่น ซุปไก่ ข้าวผัด หรือผลไม้สดครับ (3) ควรแนะนำให้ผู้สูงอายุรับประทานผลไม้ที่มีน้ำตาลต่ำ เช่น แอปเปิ้ล แก้วมังกร หรือเบอร์รี่ เพื่อควบคุมน้ำตาลในเลือด (4) ควรรับประทานอาหารที่มีโปรตีนสูง เช่น เนื้อสัตว์ไม่ติดมัน ถั่ว และผลิตภัณฑ์จากนม เพื่อเสริมสร้างและรักษากล้ามเนื้อ,(2) คือคำตอบที่ถูกต้อง,True,True,True,
2024,9,การทานน้ำผลไม้มีประโยชน์ยังไง,(1) คุณควรดื่มน้ำอย่างน้อยวันละ 8 แก้ว หรือประมาณ 2 ลิตรครับ (2) การดื่มน้ำผลไม้ช่วยให้คุณได้รับวิตามินและเกลือแร่ที่มีประโยชน์ต่อร่างกายครับ (3) คุณอาจลองทำอาหารที่ทั้งอร่อยและมีประโยชน์ เช่น ซุปไก่ ข้าวผัด หรือผลไม้สดครับ (4) ผู้สูงอายุควรได้รับวิตามินดี แคลเซียม และโอเมก้า-3 แต่ควรปรึกษาแพทย์ก่อนทานอาหารเสริมใดๆ,(2) คือคำตอบที่ถูกต้อง,True,True,True,
2024,10,ผู้สูงอายุควรดื่มน้ำเมื่อไหร่?,"(1) การดื่มน้ำผลไม้แทนน้ำเปล่าอาจทำให้ผู้สูงอายุได้รับน้ำตาลมากเกินไป ซึ่งอาจเพิ่มความเสี่ยงต่อโรคเบาหวานและโรคอ้วน (2) ควรเตรียมอาหารที่นุ่มและย่อยง่าย เช่น ข้าวต้ม โจ๊ก หรือซุปครับ (3) ควรดื่มน้ำเป็นระยะๆ ตลอดวัน และหลีกเลี่ยงการดื่มน้ำเยอะๆ ในครั้งเดียวครับ (4) การดูแลด้านโภชนาการของผู้สูงอายุเป็นสิ่งสำคัญ เนื่องจากร่างกายของผู้สูงอายุมีการเปลี่ยนแปลงหลายประการที่ส่งผลต่อการย่อยและดูดซึมสารอาหาร ดังนั้นการเลือกอาหารที่เหมาะสมจึงเป็นสิ่งที่ควรให้ความสำคัญ ต่อไปนี้คือคำแนะนำสำหรับอาหารของผู้สูงอายุ:

### 1. อาหารที่มีโปรตีนสูง
- **เนื้อสัตว์ไม่ติดมัน**: เช่น เนื้อไก่ เนื้อปลา และเนื้อหมูไม่ติดมัน
- **ไข่**: เป็นแหล่งโปรตีนที่ดีและย่อยง่าย
- **ผลิตภัณฑ์นม**: เช่น นมโยเกิร์ต หรือชีสที่มีไขมันต่ำ
- **ถั่วและเมล็ดพืช**: เช่น ถั่วเหลือง ถั่วลิสง และเมล็ดเชีย

### 2. ผักและผลไม้
- ควรทานผักและผลไม้ที่หลากหลาย เพื่อให้ได้รับวิตามินและแร่ธาตุที่ครบถ้วน
- **ผักสีเขียวเข้ม**: เช่น ผักคะน้า ผักโขม และบร็อคโคลี่
- **ผลไม้**: เช่น ส้ม กล้วย และแอปเปิ้ล

### 3. คาร์โบไฮเดรตที่ดี
- **ข้าวกล้อง**: มีไฟเบอร์สูงและช่วยในการย่อยอาหาร
- **ขนมปังโฮลวีท**: แทนขนมปังขาว
- **ควินัว**: เป็นธัญพืชที่มีโปรตีนและไฟเบอร์สูง

### 4. ไขมันที่ดีต่อสุขภาพ
- **น้ำมันมะกอก**: ใช้แทนน้ำมันพืชทั่วไป
- **อะโวคาโด**: แหล่งของไขมันไม่อิ่มตัวเชิงเดี่ยว
- **ถั่วและเมล็ดพืช**: มีไขมันดีและโปรตีน

### 5. การดื่มน้ำ
- ผู้สูงอายุควรดื่มน้ำอย่างเพียงพอประมาณ 8 แก้วต่อวัน
- หลีกเลี่ยงการดื่มน้ำอัดลมหรือเครื่องดื่มที่มีน้ำตาลสูง

### 6. การลดการบริโภคเกลือและน้ำตาล
- ควรลดการบริโภคอาหารที่มีเกลือและน้ำตาลสูง เช่น ขนมกรุบกรอบ น้ำอัดลม และขนมหวาน
- ใช้เครื่องเทศและสมุนไพรในการปรุงอาหารแทนการใช้เกลือ

### 7. การบริโภคอาหารที่ย่อยง่าย
- อาหารที่นิ่มและย่อยง่าย เช่น ซุป โจ๊ก หรือแกงจืด
- หลีกเลี่ยงอาหารที่มีไขมันสูงหรือทอดน้ำมัน

### 8. การเสริมวิตามินและแร่ธาตุ
- หากมีความจำเป็น ควรปรึกษาแพทย์หรือผู้เชี่ยวชาญด้านโภชนาการเกี่ยวกับการเสริมวิตามินและแร่ธาตุ เช่น วิตามินดี วิตามินบี12 และแคลเซียม

การดูแลโภชนาการของผู้สูงอายุไม่เพียงแต่ช่วยให้สุขภาพร่างกายดีขึ้น แต่ยังช่วยส่งเสริมคุณภาพชีวิตที่ดีและลดความเสี่ยงต่อการเกิดโรคต่างๆ ได้อีกด้วยค่ะ",(3) คือคำตอบที่ถูกต้อง,True,True,True,
