Exam name	Year	Question No	Question	Choices	Model Answer	Solution	Is Correct?
katunyou_food_exam	2024	1	ตอบคำถามดังต่อไปนี้โดยการเลือกคำตอบตาม Choice ที่กำหนดให้เท่านั้น ไม่ต้องอธิบายเพิ่ม อาทิเช่น 'คำตอบที่ถูกต้องคือ (1)'
คำถาม: ผู้สูงอายุควรทานอาหารประเภทใดเพื่อเสริมสร้างความจำ?
Choice: (1) ควรทานอาหารที่มีโอเมก้า-3 วิตามินบี และสารต้านอนุมูลอิสระ เช่น ปลา แป้งข้าวไม่ขัดสี ผักใบเขียว (2) อาการเวียนศีรษะ หกล้มง่าย ปัสสาวะบ่อย หรือมีการเปลี่ยนแปลงในความจำ (3) อาหารที่มีไฟเบอร์สูงช่วยในเรื่องของการขับถ่าย ลดความเสี่ยงต่อโรคหัวใจ และควบคุมน้ำตาลในเลือด (4) คุณอาจลองทานนมอุ่นๆ หรือโยเกิร์ตที่ช่วยให้หลับสบายครับ	(1) ควรทานอาหารที่มีโอเมก้า-3 วิตามินบี และสารต้านอนุมูลอิสระ เช่น ปลา แป้งข้าวไม่ขัดสี ผักใบเขียว (2) อาการเวียนศีรษะ หกล้มง่าย ปัสสาวะบ่อย หรือมีการเปลี่ยนแปลงในความจำ (3) อาหารที่มีไฟเบอร์สูงช่วยในเรื่องของการขับถ่าย ลดความเสี่ยงต่อโรคหัวใจ และควบคุมน้ำตาลในเลือด (4) คุณอาจลองทานนมอุ่นๆ หรือโยเกิร์ตที่ช่วยให้หลับสบายครับ	(1)	(1) คือคำตอบที่ถูกต้อง	True
katunyou_food_exam	2024	2	ตอบคำถามดังต่อไปนี้โดยการเลือกคำตอบตาม Choice ที่กำหนดให้เท่านั้น ไม่ต้องอธิบายเพิ่ม อาทิเช่น 'คำตอบที่ถูกต้องคือ (1)'
คำถาม: ผู้สูงอายุควรหลีกเลี่ยงอาหารประเภทใด?
Choice: (1) ควรนอนหลับพักผ่อนอย่างเพียงพอ และหลีกเลี่ยงการทำกิจกรรมที่เหนื่อยเกินไป (2) ควรทานอาหารที่มีโอเมก้า-3 วิตามินบี และสารต้านอนุมูลอิสระ เช่น ปลา แป้งข้าวไม่ขัดสี ผักใบเขียว (3) ควรหลีกเลี่ยงการกินอาหารที่มีไขมันสูง เกลือมาก และน้ำตาลเยอะครับ (4) ควรหลีกเลี่ยงอาหารที่มีไขมันสูง น้ำตาลสูง และอาหารแปรรูป เนื่องจากอาจเพิ่มความเสี่ยงต่อโรคเรื้อรัง	(1) ควรนอนหลับพักผ่อนอย่างเพียงพอ และหลีกเลี่ยงการทำกิจกรรมที่เหนื่อยเกินไป (2) ควรทานอาหารที่มีโอเมก้า-3 วิตามินบี และสารต้านอนุมูลอิสระ เช่น ปลา แป้งข้าวไม่ขัดสี ผักใบเขียว (3) ควรหลีกเลี่ยงการกินอาหารที่มีไขมันสูง เกลือมาก และน้ำตาลเยอะครับ (4) ควรหลีกเลี่ยงอาหารที่มีไขมันสูง น้ำตาลสูง และอาหารแปรรูป เนื่องจากอาจเพิ่มความเสี่ยงต่อโรคเรื้อรัง	(4)	(4) คือคำตอบที่ถูกต้อง	True
katunyou_food_exam	2024	3	ตอบคำถามดังต่อไปนี้โดยการเลือกคำตอบตาม Choice ที่กำหนดให้เท่านั้น ไม่ต้องอธิบายเพิ่ม อาทิเช่น 'คำตอบที่ถูกต้องคือ (1)'
คำถาม: ผู้สูงอายุควรได้รับสารอาหารประเภทใด?
Choice: (1) ผู้สูงอายุควรทานอาหารที่ย่อยง่าย เช่น ข้าวต้ม ผักต้ม และผลไม้ที่ไม่แข็งเกินไปครับ (2) ควรรับประทานอาหารที่มีโปรตีนสูง เช่น เนื้อสัตว์ไม่ติดมัน ถั่ว และผลิตภัณฑ์จากนม เพื่อเสริมสร้างและรักษากล้ามเนื้อ (3) ควรได้รับอาหารที่มีโปรตีนสูง ไขมันต่ำ และมีผักผลไม้เป็นส่วนประกอบหลัก เพื่อเสริมสร้างภูมิคุ้มกันและรักษาสุขภาพ (4) คุณอาจลองทำอาหารที่ง่ายและมีประโยชน์ เช่น สลัดผัก ข้าวต้ม หรือแกงจืดครับ	(1) ผู้สูงอายุควรทานอาหารที่ย่อยง่าย เช่น ข้าวต้ม ผักต้ม และผลไม้ที่ไม่แข็งเกินไปครับ (2) ควรรับประทานอาหารที่มีโปรตีนสูง เช่น เนื้อสัตว์ไม่ติดมัน ถั่ว และผลิตภัณฑ์จากนม เพื่อเสริมสร้างและรักษากล้ามเนื้อ (3) ควรได้รับอาหารที่มีโปรตีนสูง ไขมันต่ำ และมีผักผลไม้เป็นส่วนประกอบหลัก เพื่อเสริมสร้างภูมิคุ้มกันและรักษาสุขภาพ (4) คุณอาจลองทำอาหารที่ง่ายและมีประโยชน์ เช่น สลัดผัก ข้าวต้ม หรือแกงจืดครับ	(2)	(3) คือคำตอบที่ถูกต้อง	False
katunyou_food_exam	2024	4	ตอบคำถามดังต่อไปนี้โดยการเลือกคำตอบตาม Choice ที่กำหนดให้เท่านั้น ไม่ต้องอธิบายเพิ่ม อาทิเช่น 'คำตอบที่ถูกต้องคือ (1)'
คำถาม: อาการที่ควรระวังในผู้สูงอายุมีอะไรบ้าง?
Choice: (1) อาการเวียนศีรษะ หกล้มง่าย ปัสสาวะบ่อย หรือมีการเปลี่ยนแปลงในความจำ (2) การดื่มน้ำผลไม้แทนน้ำเปล่าอาจทำให้ผู้สูงอายุได้รับน้ำตาลมากเกินไป ซึ่งอาจเพิ่มความเสี่ยงต่อโรคเบาหวานและโรคอ้วน (3) ควรหลีกเลี่ยงอาหารที่มีไขมันสูง น้ำตาลสูง และอาหารแปรรูป เนื่องจากอาจเพิ่มความเสี่ยงต่อโรคเรื้อรัง (4) การดูแลด้านโภชนาการของผู้สูงอายุเป็นสิ่งสำคัญ เนื่องจากร่างกายของผู้สูงอายุมีการเปลี่ยนแปลงหลายประการที่ส่งผลต่อการย่อยและดูดซึมสารอาหาร ดังนั้นการเลือกอาหารที่เหมาะสมจึงเป็นสิ่งที่ควรให้ความสำคัญ ต่อไปนี้คือคำแนะนำสำหรับอาหารของผู้สูงอายุ:

### 1. อาหารที่มีโปรตีนสูง
- **เนื้อสัตว์ไม่ติดมัน**: เช่น เนื้อไก่ เนื้อปลา และเนื้อหมูไม่ติดมัน
- **ไข่**: เป็นแหล่งโปรตีนที่ดีและย่อยง่าย
- **ผลิตภัณฑ์นม**: เช่น นมโยเกิร์ต หรือชีสที่มีไขมันต่ำ
- **ถั่วและเมล็ดพืช**: เช่น ถั่วเหลือง ถั่วลิสง และเมล็ดเชีย

### 2. ผักและผลไม้
- ควรทานผักและผลไม้ที่หลากหลาย เพื่อให้ได้รับวิตามินและแร่ธาตุที่ครบถ้วน
- **ผักสีเขียวเข้ม**: เช่น ผักคะน้า ผักโขม และบร็อคโคลี่
- **ผลไม้**: เช่น ส้ม กล้วย และแอปเปิ้ล

### 3. คาร์โบไฮเดรตที่ดี
- **ข้าวกล้อง**: มีไฟเบอร์สูงและช่วยในการย่อยอาหาร
- **ขนมปังโฮลวีท**: แทนขนมปังขาว
- **ควินัว**: เป็นธัญพืชที่มีโปรตีนและไฟเบอร์สูง

### 4. ไขมันที่ดีต่อสุขภาพ
- **น้ำมันมะกอก**: ใช้แทนน้ำมันพืชทั่วไป
- **อะโวคาโด**: แหล่งของไขมันไม่อิ่มตัวเชิงเดี่ยว
- **ถั่วและเมล็ดพืช**: มีไขมันดีและโปรตีน

### 5. การดื่มน้ำ
- ผู้สูงอายุควรดื่มน้ำอย่างเพียงพอประมาณ 8 แก้วต่อวัน
- หลีกเลี่ยงการดื่มน้ำอัดลมหรือเครื่องดื่มที่มีน้ำตาลสูง

### 6. การลดการบริโภคเกลือและน้ำตาล
- ควรลดการบริโภคอาหารที่มีเกลือและน้ำตาลสูง เช่น ขนมกรุบกรอบ น้ำอัดลม และขนมหวาน
- ใช้เครื่องเทศและสมุนไพรในการปรุงอาหารแทนการใช้เกลือ

### 7. การบริโภคอาหารที่ย่อยง่าย
- อาหารที่นิ่มและย่อยง่าย เช่น ซุป โจ๊ก หรือแกงจืด
- หลีกเลี่ยงอาหารที่มีไขมันสูงหรือทอดน้ำมัน

### 8. การเสริมวิตามินและแร่ธาตุ
- หากมีความจำเป็น ควรปรึกษาแพทย์หรือผู้เชี่ยวชาญด้านโภชนาการเกี่ยวกับการเสริมวิตามินและแร่ธาตุ เช่น วิตามินดี วิตามินบี12 และแคลเซียม

การดูแลโภชนาการของผู้สูงอายุไม่เพียงแต่ช่วยให้สุขภาพร่างกายดีขึ้น แต่ยังช่วยส่งเสริมคุณภาพชีวิตที่ดีและลดความเสี่ยงต่อการเกิดโรคต่างๆ ได้อีกด้วยค่ะ	(1) อาการเวียนศีรษะ หกล้มง่าย ปัสสาวะบ่อย หรือมีการเปลี่ยนแปลงในความจำ (2) การดื่มน้ำผลไม้แทนน้ำเปล่าอาจทำให้ผู้สูงอายุได้รับน้ำตาลมากเกินไป ซึ่งอาจเพิ่มความเสี่ยงต่อโรคเบาหวานและโรคอ้วน (3) ควรหลีกเลี่ยงอาหารที่มีไขมันสูง น้ำตาลสูง และอาหารแปรรูป เนื่องจากอาจเพิ่มความเสี่ยงต่อโรคเรื้อรัง (4) การดูแลด้านโภชนาการของผู้สูงอายุเป็นสิ่งสำคัญ เนื่องจากร่างกายของผู้สูงอายุมีการเปลี่ยนแปลงหลายประการที่ส่งผลต่อการย่อยและดูดซึมสารอาหาร ดังนั้นการเลือกอาหารที่เหมาะสมจึงเป็นสิ่งที่ควรให้ความสำคัญ ต่อไปนี้คือคำแนะนำสำหรับอาหารของผู้สูงอายุ:

### 1. อาหารที่มีโปรตีนสูง
- **เนื้อสัตว์ไม่ติดมัน**: เช่น เนื้อไก่ เนื้อปลา และเนื้อหมูไม่ติดมัน
- **ไข่**: เป็นแหล่งโปรตีนที่ดีและย่อยง่าย
- **ผลิตภัณฑ์นม**: เช่น นมโยเกิร์ต หรือชีสที่มีไขมันต่ำ
- **ถั่วและเมล็ดพืช**: เช่น ถั่วเหลือง ถั่วลิสง และเมล็ดเชีย

### 2. ผักและผลไม้
- ควรทานผักและผลไม้ที่หลากหลาย เพื่อให้ได้รับวิตามินและแร่ธาตุที่ครบถ้วน
- **ผักสีเขียวเข้ม**: เช่น ผักคะน้า ผักโขม และบร็อคโคลี่
- **ผลไม้**: เช่น ส้ม กล้วย และแอปเปิ้ล

### 3. คาร์โบไฮเดรตที่ดี
- **ข้าวกล้อง**: มีไฟเบอร์สูงและช่วยในการย่อยอาหาร
- **ขนมปังโฮลวีท**: แทนขนมปังขาว
- **ควินัว**: เป็นธัญพืชที่มีโปรตีนและไฟเบอร์สูง

### 4. ไขมันที่ดีต่อสุขภาพ
- **น้ำมันมะกอก**: ใช้แทนน้ำมันพืชทั่วไป
- **อะโวคาโด**: แหล่งของไขมันไม่อิ่มตัวเชิงเดี่ยว
- **ถั่วและเมล็ดพืช**: มีไขมันดีและโปรตีน

### 5. การดื่มน้ำ
- ผู้สูงอายุควรดื่มน้ำอย่างเพียงพอประมาณ 8 แก้วต่อวัน
- หลีกเลี่ยงการดื่มน้ำอัดลมหรือเครื่องดื่มที่มีน้ำตาลสูง

### 6. การลดการบริโภคเกลือและน้ำตาล
- ควรลดการบริโภคอาหารที่มีเกลือและน้ำตาลสูง เช่น ขนมกรุบกรอบ น้ำอัดลม และขนมหวาน
- ใช้เครื่องเทศและสมุนไพรในการปรุงอาหารแทนการใช้เกลือ

### 7. การบริโภคอาหารที่ย่อยง่าย
- อาหารที่นิ่มและย่อยง่าย เช่น ซุป โจ๊ก หรือแกงจืด
- หลีกเลี่ยงอาหารที่มีไขมันสูงหรือทอดน้ำมัน

### 8. การเสริมวิตามินและแร่ธาตุ
- หากมีความจำเป็น ควรปรึกษาแพทย์หรือผู้เชี่ยวชาญด้านโภชนาการเกี่ยวกับการเสริมวิตามินและแร่ธาตุ เช่น วิตามินดี วิตามินบี12 และแคลเซียม

การดูแลโภชนาการของผู้สูงอายุไม่เพียงแต่ช่วยให้สุขภาพร่างกายดีขึ้น แต่ยังช่วยส่งเสริมคุณภาพชีวิตที่ดีและลดความเสี่ยงต่อการเกิดโรคต่างๆ ได้อีกด้วยค่ะ	(1) อาการเวียนศีรษะ หกล้มง่าย ปัสสาวะบ่อย หรือมีการเปลี่ยนแปลงในความจำ	(1) คือคำตอบที่ถูกต้อง	True
katunyou_food_exam	2024	5	ตอบคำถามดังต่อไปนี้โดยการเลือกคำตอบตาม Choice ที่กำหนดให้เท่านั้น ไม่ต้องอธิบายเพิ่ม อาทิเช่น 'คำตอบที่ถูกต้องคือ (1)'
คำถาม: ผู้สูงอายุควรดื่มน้ำเท่าไรต่อวัน?
Choice: (1) ควรทานอาหารที่มีโปรตีนสูง ผักและผลไม้ และลดการทานอาหารที่มีไขมันและน้ำตาลสูง (2) การกินผลไม้ช่วยให้ได้รับวิตามินและไฟเบอร์ที่จำเป็นต่อร่างกายครับ (3) การดื่มน้ำผลไม้แทนน้ำเปล่าอาจทำให้ผู้สูงอายุได้รับน้ำตาลมากเกินไป ซึ่งอาจเพิ่มความเสี่ยงต่อโรคเบาหวานและโรคอ้วน (4) ควรดื่มน้ำประมาณ 8 แก้วต่อวัน หรือมากกว่า ขึ้นอยู่กับกิจกรรมและสภาพอากาศ	(1) ควรทานอาหารที่มีโปรตีนสูง ผักและผลไม้ และลดการทานอาหารที่มีไขมันและน้ำตาลสูง (2) การกินผลไม้ช่วยให้ได้รับวิตามินและไฟเบอร์ที่จำเป็นต่อร่างกายครับ (3) การดื่มน้ำผลไม้แทนน้ำเปล่าอาจทำให้ผู้สูงอายุได้รับน้ำตาลมากเกินไป ซึ่งอาจเพิ่มความเสี่ยงต่อโรคเบาหวานและโรคอ้วน (4) ควรดื่มน้ำประมาณ 8 แก้วต่อวัน หรือมากกว่า ขึ้นอยู่กับกิจกรรมและสภาพอากาศ	(4)	(4) คือคำตอบที่ถูกต้อง	True
katunyou_food_exam	2024	6	ตอบคำถามดังต่อไปนี้โดยการเลือกคำตอบตาม Choice ที่กำหนดให้เท่านั้น ไม่ต้องอธิบายเพิ่ม อาทิเช่น 'คำตอบที่ถูกต้องคือ (1)'
คำถาม: ผู้สูงอายุควรหลีกเลี่ยงเครื่องดื่มประเภทใด?
Choice: (1) ควรหลีกเลี่ยงเครื่องดื่มที่มีคาเฟอีนสูง เช่น กาแฟ และเครื่องดื่มแอลกอฮอล์ เนื่องจากอาจทำให้เกิดอาการกระตุ้นหัวใจและความดันโลหิตสูง (2) ควรรับประทานปลาอย่างน้อย 2-3 ครั้งต่อสัปดาห์ เพื่อรับโปรตีนและโอเมก้า-3 ซึ่งดีต่อหัวใจและสมอง (3) ควรหลีกเลี่ยงเครื่องดื่มที่มีคาเฟอีนสูง เช่น กาแฟ และเครื่องดื่มแอลกอฮอล์ เนื่องจากอาจทำให้เกิดอาการกระตุ้นหัวใจและความดันโลหิตสูง (4) อาหารที่มีไฟเบอร์สูงช่วยในเรื่องของการขับถ่าย ลดความเสี่ยงต่อโรคหัวใจ และควบคุมน้ำตาลในเลือด	(1) ควรหลีกเลี่ยงเครื่องดื่มที่มีคาเฟอีนสูง เช่น กาแฟ และเครื่องดื่มแอลกอฮอล์ เนื่องจากอาจทำให้เกิดอาการกระตุ้นหัวใจและความดันโลหิตสูง (2) ควรรับประทานปลาอย่างน้อย 2-3 ครั้งต่อสัปดาห์ เพื่อรับโปรตีนและโอเมก้า-3 ซึ่งดีต่อหัวใจและสมอง (3) ควรหลีกเลี่ยงเครื่องดื่มที่มีคาเฟอีนสูง เช่น กาแฟ และเครื่องดื่มแอลกอฮอล์ เนื่องจากอาจทำให้เกิดอาการกระตุ้นหัวใจและความดันโลหิตสูง (4) อาหารที่มีไฟเบอร์สูงช่วยในเรื่องของการขับถ่าย ลดความเสี่ยงต่อโรคหัวใจ และควบคุมน้ำตาลในเลือด	(1)	(3) คือคำตอบที่ถูกต้อง	False
katunyou_food_exam	2024	7	ตอบคำถามดังต่อไปนี้โดยการเลือกคำตอบตาม Choice ที่กำหนดให้เท่านั้น ไม่ต้องอธิบายเพิ่ม อาทิเช่น 'คำตอบที่ถูกต้องคือ (1)'
คำถาม: ควรจัดมื้ออาหารสำหรับผู้สูงอายุอย่างไร?
Choice: (1) คุณควรทานผัก ผลไม้ โปรตีน และธัญพืชที่ไม่ผ่านการขัดสีครับ (2) ควรหลีกเลี่ยง เพราะอาหารที่มีเกลือสูงอาจทำให้เกิดความดันโลหิตสูง (3) คุณอาจลองทำอาหารที่ง่ายและมีประโยชน์ เช่น สลัดผัก ข้าวต้ม หรือแกงจืดครับ (4) ควรจัดมื้ออาหารที่มีความหลากหลายและสมดุล เช่น มีโปรตีน คาร์โบไฮเดรต ไขมันที่ดีต่อสุขภาพ และผักผลไม้ เพื่อให้ร่างกายได้รับสารอาหารครบถ้วน	(1) คุณควรทานผัก ผลไม้ โปรตีน และธัญพืชที่ไม่ผ่านการขัดสีครับ (2) ควรหลีกเลี่ยง เพราะอาหารที่มีเกลือสูงอาจทำให้เกิดความดันโลหิตสูง (3) คุณอาจลองทำอาหารที่ง่ายและมีประโยชน์ เช่น สลัดผัก ข้าวต้ม หรือแกงจืดครับ (4) ควรจัดมื้ออาหารที่มีความหลากหลายและสมดุล เช่น มีโปรตีน คาร์โบไฮเดรต ไขมันที่ดีต่อสุขภาพ และผักผลไม้ เพื่อให้ร่างกายได้รับสารอาหารครบถ้วน	(4) ควรจัดมื้ออาหารที่มีความหลากหลายและสมดุล เช่น มีโปรตีน คาร์โบไฮเดรต ไขมันที่ดีต่อสุขภาพ และผักผลไม้ เพื่อให้ร่างกายได้รับสารอาหารครบถ้วน	(4) คือคำตอบที่ถูกต้อง	True
katunyou_food_exam	2024	8	ตอบคำถามดังต่อไปนี้โดยการเลือกคำตอบตาม Choice ที่กำหนดให้เท่านั้น ไม่ต้องอธิบายเพิ่ม อาทิเช่น 'คำตอบที่ถูกต้องคือ (1)'
คำถาม: จะทำอาหารอะไรให้หลานๆ กินดี
Choice: (1) คุณอาจลองทำอาหารที่ทั้งอร่อยและมีประโยชน์ เช่น ซุปไก่ ข้าวผัด หรือผลไม้สดครับ (2) คุณอาจลองทานข้าวต้ม ไข่ต้ม หรือขนมปังโฮลวีตกับผลไม้ครับ (3) การดื่มน้ำผลไม้ช่วยให้คุณได้รับวิตามินและเกลือแร่ที่มีประโยชน์ต่อร่างกายครับ (4) ควรดื่มน้ำเป็นระยะๆ ตลอดวัน และหลีกเลี่ยงการดื่มน้ำเยอะๆ ในครั้งเดียวครับ	(1) คุณอาจลองทำอาหารที่ทั้งอร่อยและมีประโยชน์ เช่น ซุปไก่ ข้าวผัด หรือผลไม้สดครับ (2) คุณอาจลองทานข้าวต้ม ไข่ต้ม หรือขนมปังโฮลวีตกับผลไม้ครับ (3) การดื่มน้ำผลไม้ช่วยให้คุณได้รับวิตามินและเกลือแร่ที่มีประโยชน์ต่อร่างกายครับ (4) ควรดื่มน้ำเป็นระยะๆ ตลอดวัน และหลีกเลี่ยงการดื่มน้ำเยอะๆ ในครั้งเดียวครับ	(1)	(1) คือคำตอบที่ถูกต้อง	True
katunyou_food_exam	2024	9	ตอบคำถามดังต่อไปนี้โดยการเลือกคำตอบตาม Choice ที่กำหนดให้เท่านั้น ไม่ต้องอธิบายเพิ่ม อาทิเช่น 'คำตอบที่ถูกต้องคือ (1)'
คำถาม: การทานน้ำผลไม้มีประโยชน์ยังไง
Choice: (1) การดื่มน้ำผลไม้ช่วยให้คุณได้รับวิตามินและเกลือแร่ที่มีประโยชน์ต่อร่างกายครับ (2) การดูแลด้านโภชนาการของผู้สูงอายุเป็นสิ่งสำคัญ เนื่องจากร่างกายของผู้สูงอายุมีการเปลี่ยนแปลงหลายประการที่ส่งผลต่อการย่อยและดูดซึมสารอาหาร ดังนั้นการเลือกอาหารที่เหมาะสมจึงเป็นสิ่งที่ควรให้ความสำคัญ ต่อไปนี้คือคำแนะนำสำหรับอาหารของผู้สูงอายุ:

### 1. อาหารที่มีโปรตีนสูง
- **เนื้อสัตว์ไม่ติดมัน**: เช่น เนื้อไก่ เนื้อปลา และเนื้อหมูไม่ติดมัน
- **ไข่**: เป็นแหล่งโปรตีนที่ดีและย่อยง่าย
- **ผลิตภัณฑ์นม**: เช่น นมโยเกิร์ต หรือชีสที่มีไขมันต่ำ
- **ถั่วและเมล็ดพืช**: เช่น ถั่วเหลือง ถั่วลิสง และเมล็ดเชีย

### 2. ผักและผลไม้
- ควรทานผักและผลไม้ที่หลากหลาย เพื่อให้ได้รับวิตามินและแร่ธาตุที่ครบถ้วน
- **ผักสีเขียวเข้ม**: เช่น ผักคะน้า ผักโขม และบร็อคโคลี่
- **ผลไม้**: เช่น ส้ม กล้วย และแอปเปิ้ล

### 3. คาร์โบไฮเดรตที่ดี
- **ข้าวกล้อง**: มีไฟเบอร์สูงและช่วยในการย่อยอาหาร
- **ขนมปังโฮลวีท**: แทนขนมปังขาว
- **ควินัว**: เป็นธัญพืชที่มีโปรตีนและไฟเบอร์สูง

### 4. ไขมันที่ดีต่อสุขภาพ
- **น้ำมันมะกอก**: ใช้แทนน้ำมันพืชทั่วไป
- **อะโวคาโด**: แหล่งของไขมันไม่อิ่มตัวเชิงเดี่ยว
- **ถั่วและเมล็ดพืช**: มีไขมันดีและโปรตีน

### 5. การดื่มน้ำ
- ผู้สูงอายุควรดื่มน้ำอย่างเพียงพอประมาณ 8 แก้วต่อวัน
- หลีกเลี่ยงการดื่มน้ำอัดลมหรือเครื่องดื่มที่มีน้ำตาลสูง

### 6. การลดการบริโภคเกลือและน้ำตาล
- ควรลดการบริโภคอาหารที่มีเกลือและน้ำตาลสูง เช่น ขนมกรุบกรอบ น้ำอัดลม และขนมหวาน
- ใช้เครื่องเทศและสมุนไพรในการปรุงอาหารแทนการใช้เกลือ

### 7. การบริโภคอาหารที่ย่อยง่าย
- อาหารที่นิ่มและย่อยง่าย เช่น ซุป โจ๊ก หรือแกงจืด
- หลีกเลี่ยงอาหารที่มีไขมันสูงหรือทอดน้ำมัน

### 8. การเสริมวิตามินและแร่ธาตุ
- หากมีความจำเป็น ควรปรึกษาแพทย์หรือผู้เชี่ยวชาญด้านโภชนาการเกี่ยวกับการเสริมวิตามินและแร่ธาตุ เช่น วิตามินดี วิตามินบี12 และแคลเซียม

การดูแลโภชนาการของผู้สูงอายุไม่เพียงแต่ช่วยให้สุขภาพร่างกายดีขึ้น แต่ยังช่วยส่งเสริมคุณภาพชีวิตที่ดีและลดความเสี่ยงต่อการเกิดโรคต่างๆ ได้อีกด้วยค่ะ (3) คุณอาจลองทำอาหารที่ทั้งอร่อยและมีประโยชน์ เช่น ซุปไก่ ข้าวผัด หรือผลไม้สดครับ (4) ควรดื่มน้ำประมาณ 8 แก้วต่อวัน หรือมากกว่า ขึ้นอยู่กับกิจกรรมและสภาพอากาศ	(1) การดื่มน้ำผลไม้ช่วยให้คุณได้รับวิตามินและเกลือแร่ที่มีประโยชน์ต่อร่างกายครับ (2) การดูแลด้านโภชนาการของผู้สูงอายุเป็นสิ่งสำคัญ เนื่องจากร่างกายของผู้สูงอายุมีการเปลี่ยนแปลงหลายประการที่ส่งผลต่อการย่อยและดูดซึมสารอาหาร ดังนั้นการเลือกอาหารที่เหมาะสมจึงเป็นสิ่งที่ควรให้ความสำคัญ ต่อไปนี้คือคำแนะนำสำหรับอาหารของผู้สูงอายุ:

### 1. อาหารที่มีโปรตีนสูง
- **เนื้อสัตว์ไม่ติดมัน**: เช่น เนื้อไก่ เนื้อปลา และเนื้อหมูไม่ติดมัน
- **ไข่**: เป็นแหล่งโปรตีนที่ดีและย่อยง่าย
- **ผลิตภัณฑ์นม**: เช่น นมโยเกิร์ต หรือชีสที่มีไขมันต่ำ
- **ถั่วและเมล็ดพืช**: เช่น ถั่วเหลือง ถั่วลิสง และเมล็ดเชีย

### 2. ผักและผลไม้
- ควรทานผักและผลไม้ที่หลากหลาย เพื่อให้ได้รับวิตามินและแร่ธาตุที่ครบถ้วน
- **ผักสีเขียวเข้ม**: เช่น ผักคะน้า ผักโขม และบร็อคโคลี่
- **ผลไม้**: เช่น ส้ม กล้วย และแอปเปิ้ล

### 3. คาร์โบไฮเดรตที่ดี
- **ข้าวกล้อง**: มีไฟเบอร์สูงและช่วยในการย่อยอาหาร
- **ขนมปังโฮลวีท**: แทนขนมปังขาว
- **ควินัว**: เป็นธัญพืชที่มีโปรตีนและไฟเบอร์สูง

### 4. ไขมันที่ดีต่อสุขภาพ
- **น้ำมันมะกอก**: ใช้แทนน้ำมันพืชทั่วไป
- **อะโวคาโด**: แหล่งของไขมันไม่อิ่มตัวเชิงเดี่ยว
- **ถั่วและเมล็ดพืช**: มีไขมันดีและโปรตีน

### 5. การดื่มน้ำ
- ผู้สูงอายุควรดื่มน้ำอย่างเพียงพอประมาณ 8 แก้วต่อวัน
- หลีกเลี่ยงการดื่มน้ำอัดลมหรือเครื่องดื่มที่มีน้ำตาลสูง

### 6. การลดการบริโภคเกลือและน้ำตาล
- ควรลดการบริโภคอาหารที่มีเกลือและน้ำตาลสูง เช่น ขนมกรุบกรอบ น้ำอัดลม และขนมหวาน
- ใช้เครื่องเทศและสมุนไพรในการปรุงอาหารแทนการใช้เกลือ

### 7. การบริโภคอาหารที่ย่อยง่าย
- อาหารที่นิ่มและย่อยง่าย เช่น ซุป โจ๊ก หรือแกงจืด
- หลีกเลี่ยงอาหารที่มีไขมันสูงหรือทอดน้ำมัน

### 8. การเสริมวิตามินและแร่ธาตุ
- หากมีความจำเป็น ควรปรึกษาแพทย์หรือผู้เชี่ยวชาญด้านโภชนาการเกี่ยวกับการเสริมวิตามินและแร่ธาตุ เช่น วิตามินดี วิตามินบี12 และแคลเซียม

การดูแลโภชนาการของผู้สูงอายุไม่เพียงแต่ช่วยให้สุขภาพร่างกายดีขึ้น แต่ยังช่วยส่งเสริมคุณภาพชีวิตที่ดีและลดความเสี่ยงต่อการเกิดโรคต่างๆ ได้อีกด้วยค่ะ (3) คุณอาจลองทำอาหารที่ทั้งอร่อยและมีประโยชน์ เช่น ซุปไก่ ข้าวผัด หรือผลไม้สดครับ (4) ควรดื่มน้ำประมาณ 8 แก้วต่อวัน หรือมากกว่า ขึ้นอยู่กับกิจกรรมและสภาพอากาศ	(1)	(1) คือคำตอบที่ถูกต้อง	True
katunyou_food_exam	2024	10	ตอบคำถามดังต่อไปนี้โดยการเลือกคำตอบตาม Choice ที่กำหนดให้เท่านั้น ไม่ต้องอธิบายเพิ่ม อาทิเช่น 'คำตอบที่ถูกต้องคือ (1)'
คำถาม: ผู้สูงอายุควรดื่มน้ำเมื่อไหร่?
Choice: (1) ควรแนะนำให้ผู้สูงอายุรับประทานผลไม้ที่มีน้ำตาลต่ำ เช่น แอปเปิ้ล แก้วมังกร หรือเบอร์รี่ เพื่อควบคุมน้ำตาลในเลือด (2) การกินผลไม้ช่วยให้ได้รับวิตามินและไฟเบอร์ที่จำเป็นต่อร่างกายครับ (3) คุณควรใช้วัตถุดิบที่สดและมีคุณภาพ ปรุงอาหารด้วยวิธีที่ไม่ใช้น้ำมันมาก และทานอาหารให้ครบหมู่ครับ (4) ควรดื่มน้ำเป็นระยะๆ ตลอดวัน และหลีกเลี่ยงการดื่มน้ำเยอะๆ ในครั้งเดียวครับ	(1) ควรแนะนำให้ผู้สูงอายุรับประทานผลไม้ที่มีน้ำตาลต่ำ เช่น แอปเปิ้ล แก้วมังกร หรือเบอร์รี่ เพื่อควบคุมน้ำตาลในเลือด (2) การกินผลไม้ช่วยให้ได้รับวิตามินและไฟเบอร์ที่จำเป็นต่อร่างกายครับ (3) คุณควรใช้วัตถุดิบที่สดและมีคุณภาพ ปรุงอาหารด้วยวิธีที่ไม่ใช้น้ำมันมาก และทานอาหารให้ครบหมู่ครับ (4) ควรดื่มน้ำเป็นระยะๆ ตลอดวัน และหลีกเลี่ยงการดื่มน้ำเยอะๆ ในครั้งเดียวครับ	(4)	(4) คือคำตอบที่ถูกต้อง	True
katunyou_health_exam	2024	1	ตอบคำถามดังต่อไปนี้โดยการเลือกคำตอบตาม Choice ที่กำหนดให้เท่านั้น ไม่ต้องอธิบายเพิ่ม อาทิเช่น 'คำตอบที่ถูกต้องคือ (1)'
คำถาม: จะฝึกสมาธิยังไง
Choice: (1) คุณควรทำกิจกรรมที่กระตุ้นสมอง เช่น อ่านหนังสือ เล่นเกมที่ใช้ความคิด และฝึกความจำครับ (2) คุณควรทำกิจกรรมที่กระตุ้นสมอง เช่น อ่านหนังสือ เล่นเกมที่ใช้ความคิด และรักษาสุขภาพโดยรวมครับ (3) คุณควรเตรียมเอกสารการรักษา รายการยาที่ใช้ และคำถามที่อยากถามแพทย์ครับ (4) คุณสามารถฝึกสมาธิโดยการนั่งสบายๆ หลับตา และหายใจเข้าลึกๆ ช้าๆ ครับ	(1) คุณควรทำกิจกรรมที่กระตุ้นสมอง เช่น อ่านหนังสือ เล่นเกมที่ใช้ความคิด และฝึกความจำครับ (2) คุณควรทำกิจกรรมที่กระตุ้นสมอง เช่น อ่านหนังสือ เล่นเกมที่ใช้ความคิด และรักษาสุขภาพโดยรวมครับ (3) คุณควรเตรียมเอกสารการรักษา รายการยาที่ใช้ และคำถามที่อยากถามแพทย์ครับ (4) คุณสามารถฝึกสมาธิโดยการนั่งสบายๆ หลับตา และหายใจเข้าลึกๆ ช้าๆ ครับ	(4)	(4) คือคำตอบที่ถูกต้อง	True
katunyou_health_exam	2024	2	ตอบคำถามดังต่อไปนี้โดยการเลือกคำตอบตาม Choice ที่กำหนดให้เท่านั้น ไม่ต้องอธิบายเพิ่ม อาทิเช่น 'คำตอบที่ถูกต้องคือ (1)'
คำถาม: ควรทำอย่างไรเมื่อผู้สูงอายุมีปัญหาด้านการเคลื่อนไหว?
Choice: (1) ควรจัดบ้านให้ปลอดภัยจากการลื่นล้ม ใช้เครื่องช่วยเดินหากจำเป็น และสนับสนุนการออกกำลังกายเบาๆ เช่น การเดิน (2) คุณควรล้างมือบ่อยๆ หลีกเลี่ยงการสัมผัสใบหน้า และรักษาความอบอุ่นของร่างกายครับ (3) คุณควรออกกำลังกายเบาๆ รักษาน้ำหนักให้อยู่ในเกณฑ์ปกติ และทานอาหารที่มีแคลเซียมและวิตามินดีครับ (4) ควรพาผู้สูงอายุไปตรวจสายตาอย่างสม่ำเสมอ และใช้แว่นตาที่เหมาะสม	(1) ควรจัดบ้านให้ปลอดภัยจากการลื่นล้ม ใช้เครื่องช่วยเดินหากจำเป็น และสนับสนุนการออกกำลังกายเบาๆ เช่น การเดิน (2) คุณควรล้างมือบ่อยๆ หลีกเลี่ยงการสัมผัสใบหน้า และรักษาความอบอุ่นของร่างกายครับ (3) คุณควรออกกำลังกายเบาๆ รักษาน้ำหนักให้อยู่ในเกณฑ์ปกติ และทานอาหารที่มีแคลเซียมและวิตามินดีครับ (4) ควรพาผู้สูงอายุไปตรวจสายตาอย่างสม่ำเสมอ และใช้แว่นตาที่เหมาะสม	(1) ควรจัดบ้านให้ปลอดภัยจากการลื่นล้ม ใช้เครื่องช่วยเดินหากจำเป็น และสนับสนุนการออกกำลังกายเบาๆ เช่น การเดิน	(1) คือคำตอบที่ถูกต้อง	True
katunyou_health_exam	2024	3	ตอบคำถามดังต่อไปนี้โดยการเลือกคำตอบตาม Choice ที่กำหนดให้เท่านั้น ไม่ต้องอธิบายเพิ่ม อาทิเช่น 'คำตอบที่ถูกต้องคือ (1)'
คำถาม: วิธีดูแลผิวหนังของผู้สูงอายุคืออะไร?
Choice: (1) ควรพาไปพบแพทย์เพื่อตรวจการได้ยิน และใช้เครื่องช่วยฟังหากจำเป็น (2) ควรออกกำลังกายเบาๆ เพื่อลดการกดดันข้อเข่า และทานอาหารที่เสริมสร้างกระดูก (3) ควรใช้โลชั่นที่ให้ความชุ่มชื้น หลีกเลี่ยงการตากแดด และดื่มน้ำให้เพียงพอครับ (4) ควรแปรงฟันวันละ 2 ครั้ง ใช้ไหมขัดฟัน และควรพาไปตรวจสุขภาพฟันกับทันตแพทย์เป็นประจำ	(1) ควรพาไปพบแพทย์เพื่อตรวจการได้ยิน และใช้เครื่องช่วยฟังหากจำเป็น (2) ควรออกกำลังกายเบาๆ เพื่อลดการกดดันข้อเข่า และทานอาหารที่เสริมสร้างกระดูก (3) ควรใช้โลชั่นที่ให้ความชุ่มชื้น หลีกเลี่ยงการตากแดด และดื่มน้ำให้เพียงพอครับ (4) ควรแปรงฟันวันละ 2 ครั้ง ใช้ไหมขัดฟัน และควรพาไปตรวจสุขภาพฟันกับทันตแพทย์เป็นประจำ	(3) ควรใช้โลชั่นที่ให้ความชุ่มชื้น หลีกเลี่ยงการตากแดด และดื่มน้ำให้เพียงพอครับ	(3) คือคำตอบที่ถูกต้อง	True
katunyou_health_exam	2024	4	ตอบคำถามดังต่อไปนี้โดยการเลือกคำตอบตาม Choice ที่กำหนดให้เท่านั้น ไม่ต้องอธิบายเพิ่ม อาทิเช่น 'คำตอบที่ถูกต้องคือ (1)'
คำถาม: การดูแลเส้นผมในผู้สูงอายุควรทำอย่างไร?
Choice: (1) ผู้สูงอายุควรออกกำลังกายเบาๆ เช่น เดินเล่น ยืดเหยียด หรือโยคะครับ (2) ควรแปรงฟันอย่างถูกต้อง ใช้ไหมขัดฟัน และตรวจสุขภาพช่องปากกับทันตแพทย์เป็นประจำ (3) ควรใช้แชมพูที่อ่อนโยน หลีกเลี่ยงการใช้ความร้อนสูง และตัดแต่งเส้นผมเป็นประจำครับ (4) การทำสมาธิช่วยลดความเครียด เพิ่มสมาธิ และทำให้จิตใจสงบครับ	(1) ผู้สูงอายุควรออกกำลังกายเบาๆ เช่น เดินเล่น ยืดเหยียด หรือโยคะครับ (2) ควรแปรงฟันอย่างถูกต้อง ใช้ไหมขัดฟัน และตรวจสุขภาพช่องปากกับทันตแพทย์เป็นประจำ (3) ควรใช้แชมพูที่อ่อนโยน หลีกเลี่ยงการใช้ความร้อนสูง และตัดแต่งเส้นผมเป็นประจำครับ (4) การทำสมาธิช่วยลดความเครียด เพิ่มสมาธิ และทำให้จิตใจสงบครับ	(3)	(3) คือคำตอบที่ถูกต้อง	True
katunyou_health_exam	2024	5	ตอบคำถามดังต่อไปนี้โดยการเลือกคำตอบตาม Choice ที่กำหนดให้เท่านั้น ไม่ต้องอธิบายเพิ่ม อาทิเช่น 'คำตอบที่ถูกต้องคือ (1)'
คำถาม: วิธีป้องกันไม่ให้ผู้สูงอายุหกล้มในบ้านคืออะไร?
Choice: (1) ควรแปรงฟันวันละ 2 ครั้ง ใช้ไหมขัดฟัน และควรพาไปตรวจสุขภาพฟันกับทันตแพทย์เป็นประจำ (2) ควรสร้างสภาพแวดล้อมที่เหมาะสม เช่น ทำห้องนอนเงียบๆ และอาจปรึกษาแพทย์หากมีปัญหาเรื้อรัง (3) การจัดบ้านให้ปลอดภัย ปรับแสงสว่างให้เพียงพอ และการใช้พรมกันลื่นในห้องน้ำ (4) ควรอาบน้ำทุกวัน ใช้ผลิตภัณฑ์ทำความสะอาดที่อ่อนโยน และใส่เสื้อผ้าที่สะอาดอยู่เสมอ	(1) ควรแปรงฟันวันละ 2 ครั้ง ใช้ไหมขัดฟัน และควรพาไปตรวจสุขภาพฟันกับทันตแพทย์เป็นประจำ (2) ควรสร้างสภาพแวดล้อมที่เหมาะสม เช่น ทำห้องนอนเงียบๆ และอาจปรึกษาแพทย์หากมีปัญหาเรื้อรัง (3) การจัดบ้านให้ปลอดภัย ปรับแสงสว่างให้เพียงพอ และการใช้พรมกันลื่นในห้องน้ำ (4) ควรอาบน้ำทุกวัน ใช้ผลิตภัณฑ์ทำความสะอาดที่อ่อนโยน และใส่เสื้อผ้าที่สะอาดอยู่เสมอ	(3)	(3) คือคำตอบที่ถูกต้อง	True
katunyou_health_exam	2024	6	ตอบคำถามดังต่อไปนี้โดยการเลือกคำตอบตาม Choice ที่กำหนดให้เท่านั้น ไม่ต้องอธิบายเพิ่ม อาทิเช่น 'คำตอบที่ถูกต้องคือ (1)'
คำถาม: มีวิธีป้องกันการเป็นหวัดไหม
Choice: (1) คุณควรล้างมือบ่อยๆ หลีกเลี่ยงการสัมผัสใบหน้า และรักษาความอบอุ่นของร่างกายครับ (2) การทานวิตามินเสริมอาจจำเป็นในบางกรณี ควรปรึกษาแพทย์เพื่อคำแนะนำที่เหมาะสมครับ (3) คุณควรทานอาหารที่มีประโยชน์ ออกกำลังกายสม่ำเสมอ และปรึกษาแพทย์เพื่อคำแนะนำครับ (4) คุณควรทานอาหารที่มีกากใย ดื่มน้ำมากๆ และออกกำลังกายเป็นประจำครับ	(1) คุณควรล้างมือบ่อยๆ หลีกเลี่ยงการสัมผัสใบหน้า และรักษาความอบอุ่นของร่างกายครับ (2) การทานวิตามินเสริมอาจจำเป็นในบางกรณี ควรปรึกษาแพทย์เพื่อคำแนะนำที่เหมาะสมครับ (3) คุณควรทานอาหารที่มีประโยชน์ ออกกำลังกายสม่ำเสมอ และปรึกษาแพทย์เพื่อคำแนะนำครับ (4) คุณควรทานอาหารที่มีกากใย ดื่มน้ำมากๆ และออกกำลังกายเป็นประจำครับ	(1) คุณควรล้างมือบ่อยๆ หลีกเลี่ยงการสัมผัสใบหน้า และรักษาความอบอุ่นของร่างกายครับ	(1) คือคำตอบที่ถูกต้อง	True
katunyou_health_exam	2024	7	ตอบคำถามดังต่อไปนี้โดยการเลือกคำตอบตาม Choice ที่กำหนดให้เท่านั้น ไม่ต้องอธิบายเพิ่ม อาทิเช่น 'คำตอบที่ถูกต้องคือ (1)'
คำถาม: ทำไมการออกกำลังกายถึงสำคัญสำหรับผู้สูงอายุ?
Choice: (1) ควรสนับสนุนการทำกิจกรรมที่ช่วยฝึกสมอง เช่น การเล่นเกม การอ่านหนังสือ และการเขียนบันทึกประจำวัน และควรพาผู้สูงอายุไปพบแพทย์เพื่อรับการตรวจสอบความจำ (2) การออกกำลังกายช่วยเสริมสร้างกล้ามเนื้อ ป้องกันการหกล้ม และส่งเสริมสุขภาพจิต (3) ควรพักสายตาเป็นระยะๆ และตรวจสุขภาพตาอย่างน้อยปีละครั้งครับ (4) การเดินเล่นตอนเช้าช่วยให้คุณได้รับแสงแดดที่ดี และช่วยกระตุ้นการทำงานของร่างกายครับ	(1) ควรสนับสนุนการทำกิจกรรมที่ช่วยฝึกสมอง เช่น การเล่นเกม การอ่านหนังสือ และการเขียนบันทึกประจำวัน และควรพาผู้สูงอายุไปพบแพทย์เพื่อรับการตรวจสอบความจำ (2) การออกกำลังกายช่วยเสริมสร้างกล้ามเนื้อ ป้องกันการหกล้ม และส่งเสริมสุขภาพจิต (3) ควรพักสายตาเป็นระยะๆ และตรวจสุขภาพตาอย่างน้อยปีละครั้งครับ (4) การเดินเล่นตอนเช้าช่วยให้คุณได้รับแสงแดดที่ดี และช่วยกระตุ้นการทำงานของร่างกายครับ	(2)	(2) คือคำตอบที่ถูกต้อง	True
katunyou_health_exam	2024	8	ตอบคำถามดังต่อไปนี้โดยการเลือกคำตอบตาม Choice ที่กำหนดให้เท่านั้น ไม่ต้องอธิบายเพิ่ม อาทิเช่น 'คำตอบที่ถูกต้องคือ (1)'
คำถาม: ควรทำอย่างไรเมื่อผู้สูงอายุมีปัญหาด้านการได้ยิน?
Choice: (1) ควรพาไปพบแพทย์เพื่อตรวจสอบการได้ยิน และใช้เครื่องช่วยฟังหากจำเป็น พูดอย่างชัดเจนและช้าๆ เมื่อสนทนา (2) คุณควรนอนในห้องที่มืดและเงียบ สร้างตารางการนอนที่สม่ำเสมอ และหลีกเลี่ยงการดื่มคาเฟอีนก่อนนอนครับ (3) ควรทำบ้านให้ปลอดภัย เช่น ใช้พรมกันลื่นในห้องน้ำ ติดตั้งราวจับ และสวมรองเท้าที่เหมาะสม (4) ต้องระวังเรื่องการใช้ยาหลายชนิดพร้อมกัน และการปรึกษาแพทย์ก่อนใช้ยาใหม่ๆ	(1) ควรพาไปพบแพทย์เพื่อตรวจสอบการได้ยิน และใช้เครื่องช่วยฟังหากจำเป็น พูดอย่างชัดเจนและช้าๆ เมื่อสนทนา (2) คุณควรนอนในห้องที่มืดและเงียบ สร้างตารางการนอนที่สม่ำเสมอ และหลีกเลี่ยงการดื่มคาเฟอีนก่อนนอนครับ (3) ควรทำบ้านให้ปลอดภัย เช่น ใช้พรมกันลื่นในห้องน้ำ ติดตั้งราวจับ และสวมรองเท้าที่เหมาะสม (4) ต้องระวังเรื่องการใช้ยาหลายชนิดพร้อมกัน และการปรึกษาแพทย์ก่อนใช้ยาใหม่ๆ	(1)	(1) คือคำตอบที่ถูกต้อง	True
katunyou_health_exam	2024	9	ตอบคำถามดังต่อไปนี้โดยการเลือกคำตอบตาม Choice ที่กำหนดให้เท่านั้น ไม่ต้องอธิบายเพิ่ม อาทิเช่น 'คำตอบที่ถูกต้องคือ (1)'
คำถาม: การดูแลสุขภาพข้อเข่าของผู้สูงอายุควรทำอย่างไร?
Choice: (1) ควรปรึกษาผู้เชี่ยวชาญเกี่ยวกับการใช้เครื่องช่วยฟัง และสื่อสารด้วยความชัดเจนและเข้าใจง่าย (2) คุณควรล้างมือบ่อยๆ หลีกเลี่ยงการสัมผัสใบหน้า และรักษาความอบอุ่นของร่างกายครับ (3) ควรตรวจสุขภาพสายตาเป็นประจำ ใช้แว่นตาที่เหมาะสม และจัดแสงสว่างให้เพียงพอในบ้าน (4) ควรออกกำลังกายเบาๆ เพื่อลดการกดดันข้อเข่า และทานอาหารที่เสริมสร้างกระดูก	(1) ควรปรึกษาผู้เชี่ยวชาญเกี่ยวกับการใช้เครื่องช่วยฟัง และสื่อสารด้วยความชัดเจนและเข้าใจง่าย (2) คุณควรล้างมือบ่อยๆ หลีกเลี่ยงการสัมผัสใบหน้า และรักษาความอบอุ่นของร่างกายครับ (3) ควรตรวจสุขภาพสายตาเป็นประจำ ใช้แว่นตาที่เหมาะสม และจัดแสงสว่างให้เพียงพอในบ้าน (4) ควรออกกำลังกายเบาๆ เพื่อลดการกดดันข้อเข่า และทานอาหารที่เสริมสร้างกระดูก	(4)	(4) คือคำตอบที่ถูกต้อง	True
katunyou_health_exam	2024	10	ตอบคำถามดังต่อไปนี้โดยการเลือกคำตอบตาม Choice ที่กำหนดให้เท่านั้น ไม่ต้องอธิบายเพิ่ม อาทิเช่น 'คำตอบที่ถูกต้องคือ (1)'
คำถาม: การใช้ยาในผู้สูงอายุต้องระวังอะไรบ้าง?
Choice: (1) ต้องระวังเรื่องการใช้ยาหลายชนิดพร้อมกัน และการปรึกษาแพทย์ก่อนใช้ยาใหม่ๆ (2) การช่วยให้ทำกิจวัตรประจำวันให้เป็นระเบียบ การใช้โน้ตช่วยเตือน และการปรึกษาแพทย์เพื่อตรวจสอบสุขภาพสมองครับ (3) ควรมีการดูแลด้านสุขภาพ การดูแลด้านโภชนาการ และการให้ความสำคัญกับสุขภาพจิต (4) คุณควรทาครีมบำรุงผิว ดื่มน้ำมากๆ และหลีกเลี่ยงแสงแดดโดยตรงครับ	(1) ต้องระวังเรื่องการใช้ยาหลายชนิดพร้อมกัน และการปรึกษาแพทย์ก่อนใช้ยาใหม่ๆ (2) การช่วยให้ทำกิจวัตรประจำวันให้เป็นระเบียบ การใช้โน้ตช่วยเตือน และการปรึกษาแพทย์เพื่อตรวจสอบสุขภาพสมองครับ (3) ควรมีการดูแลด้านสุขภาพ การดูแลด้านโภชนาการ และการให้ความสำคัญกับสุขภาพจิต (4) คุณควรทาครีมบำรุงผิว ดื่มน้ำมากๆ และหลีกเลี่ยงแสงแดดโดยตรงครับ	(1) ต้องระวังเรื่องการใช้ยาหลายชนิดพร้อมกัน และการปรึกษาแพทย์ก่อนใช้ยาใหม่ๆ	(1) คือคำตอบที่ถูกต้อง	True
